<?xml version="1.0" encoding="UTF-8" standalone="yes"?>
<addon id="plugin.video.homerj"
	   name="HomerJ"
	   version="0.2"
	   provider-name="Willhelm Mueller">
  <requires>
    <import addon="xbmc.python" version="2.0"/>
  </requires>
  <extension point="xbmc.python.pluginsource"
			 library="homerj.py">
    	<provides>video</provides>
  </extension>
  <extension point="xbmc.addon.metadata">
    <summary>HomerJ videos on demand</summary>
    <description>HomerJ VOD nun auch für XBMC</description>
    <platform>all</platform>
  </extension>
</addon>
